{
  "Animations": {
    "OrbisGalactic_Lightsaber_Ignite": {
      "ThirdPerson": "Characters/Animations/Items/Dual_Handed/Longsword/Lightsaber_Ignite.blockyanim",
      "ThirdPersonMoving": "Characters/Animations/Items/Dual_Handed/Longsword/Lightsaber_Ignite.blockyanim",
      "ThirdPersonFace": "Characters/Animations/Expressions/Rage.blockyanim",
      "FirstPerson": "Characters/Animations/Items/Dual_Handed/Longsword/Lightsaber_Ignite.blockyanim",
      "Speed": 1,
      "KeepPreviousFirstPersonAnimation": true,
      "ClipsGeometry": true
    },
    "OrbisGalactic_Lightsaber_Retract": {
      "ThirdPerson": "Characters/Animations/Items/Dual_Handed/Longsword/Lightsaber_Retract.blockyanim",
      "ThirdPersonMoving": "Characters/Animations/Items/Dual_Handed/Longsword/Lightsaber_Retract.blockyanim",
      "ThirdPersonFace": "Characters/Animations/Expressions/Smile.blockyanim",
      "FirstPerson": "Characters/Animations/Items/Dual_Handed/Longsword/Lightsaber_Retract.blockyanim",
      "Speed": 1,
      "KeepPreviousFirstPersonAnimation": true,
      "ClipsGeometry": true
    }
  },
  "WiggleWeights": {
    "Pitch": 2.5,
    "PitchDeceleration": 0.1,
    "Roll": 0.1,
    "RollDeceleration": 0.1,
    "X": 2.5,
    "XDeceleration": 0.1,
    "Y": 0.1,
    "YDeceleration": 0.1,
    "Z": 0.1,
    "ZDeceleration": 0.1
  },
  "Camera": {
    "Pitch": {
      "TargetNodes": [
        "Head",
        "RShoulder"
      ]
    },
    "Yaw": {
      "TargetNodes": [
        "Belly"
      ]
    }
  }
}
