{
  "Parent": "OrbisGalactic_Kyber_Crystal_Template",
  "TranslationProperties": {
    "Description": "server.items.Ore_Kyber_Crystal_Blue.description",
    "Name": "server.items.Ore_Kyber_Crystal_Blue.name"
  },
  "Texture": "Resources/ItemTextures/Kyber_Crystal_Blue.png",
  "Icon": "Icons/ItemsGenerated/OrbisGalactic_Kyber_Crystal_Blue.png",
  "Light": {
    "Color": "#065"
  },
  "Particles": [
    {
      "SystemId": "Block_Gem_Sparks",
      "Color": "#85ecff"
    }
  ],
  "Recipe": {
    "Input": [
      {
        "ItemId": "OrbisGalactic_Kyber_Crystal_Clear"
      },
      {
        "ItemId": "Ingredient_Crystal_Blue",
        "Quantity": 30
      }
    ],
    "BenchRequirement": [
      {
        "Id": "Arcanebench",
        "Categories": [
          "Arcane_Misc"
        ]
      }
    ]
  },
  "Quality": "Epic"
}
