{
  "Parent": "OrbisGalactic_Kyber_Crystal_Template",
  "TranslationProperties": {
    "Description": "server.items.Ore_Kyber_Crystal_Clear.description",
    "Name": "server.items.Ore_Kyber_Crystal_Clear.name"
  },
  "Texture": "Resources/ItemTextures/Kyber_Crystal_Colorless.png",
  "Icon": "Icons/ItemsGenerated/OrbisGalactic_Kyber_Crystal_Clear.png",
  "Light": {
    "Color": "#555"
  },
  "Particles": [
    {
      "SystemId": "Block_Gem_Sparks",
      "Color": "#ffffff"
    }
  ],
  "Quality": "Epic"
}
