{
  "Parent": "OrbisGalactic_Kyber_Ore_Template",
  "TranslationProperties": {
    "Name": "server.items.Ore_Kyber_Stone.name"
  },
  "BlockType": {
    "Gathering": {
      "Breaking": {
        "GatherType": "Rocks",
        "DropList": {
          "Container": {
            "Type": "Multiple",
            "Containers": [
              {
                "Type": "Single",
                "Item": {
                  "ItemId": "OrbisGalactic_Kyber_Crystal_Clear"
                }
              },
              {
                "Type": "Single",
                "Item": {
                  "ItemId": "Rock_Stone_Cobble"
                }
              }
            ]
          }
        }
      }
    },
    "Textures": [
      {
        "Weight": 1,
        "All": "BlockTextures/Rock_Stone.png"
      }
    ],
    "ParticleColor": "#88886a"
  },
  "Icon": "Icons/ItemsGenerated/OrbisGalactic_Kyber_Ore_Stone.png"
}
