{
  "Parent": "OrbisGalactic_Kyber_Crystal_Template",
  "TranslationProperties": {
    "Description": "server.items.Ore_Kyber_Crystal_Red.description",
    "Name": "server.items.Ore_Kyber_Crystal_Red.name"
  },
  "Texture": "Resources/ItemTextures/Kyber_Crystal_Red.png",
  "Icon": "Icons/ItemsGenerated/OrbisGalactic_Kyber_Crystal_Red.png",
  "Light": {
    "Color": "#600"
  },
  "Particles": [
    {
      "SystemId": "Block_Gem_Sparks",
      "Color": "#ff5b5b"
    }
  ],
  "Recipe": {
    "Input": [
      {
        "ItemId": "OrbisGalactic_Kyber_Crystal_Clear"
      },
      {
        "ItemId": "Ingredient_Crystal_Red",
        "Quantity": 30
      }
    ],
    "BenchRequirement": [
      {
        "Id": "Arcanebench",
        "Categories": [
          "Arcane_Misc"
        ]
      }
    ]
  },
  "Quality": "Epic"
}
