{
  "Parent": "OrbisGalactic_Kyber_Ore_Template",
  "TranslationProperties": {
    "Name": "server.items.Ore_Kyber_Basalt.name",
    "Description": ""
  },
  "BlockType": {
    "Gathering": {
      "Breaking": {
        "GatherType": "Rocks",
        "DropList": {
          "Container": {
            "Type": "Multiple",
            "Containers": [
              {
                "Type": "Single",
                "Item": {
                  "ItemId": "OrbisGalactic_Kyber_Crystal_Clear"
                }
              },
              {
                "Type": "Single",
                "Item": {
                  "ItemId": "Rock_Basalt_Cobble"
                }
              }
            ]
          }
        }
      }
    },
    "Textures": [
      {
        "Weight": 1,
        "All": "BlockTextures/Rock_Basalt.png"
      }
    ],
    "ParticleColor": "#636045"
  },
  "Tags": {
    "Type": [
      "Ore"
    ],
    "Family": [
      "Gold"
    ]
  },
  "Icon": "Icons/ItemsGenerated/OrbisGalactic_Kyber_Ore_Basalt.png"
}
