{
  "Quality": "Template",
  "Categories": [
    "Blocks.Ores"
  ],
  "BlockType": {
    "Material": "Solid",
    "DrawType": "CubeWithModel",
    "CustomModel": "Resources/Ores/Ore_Large.blockymodel",
    "CustomModelTexture": [
      {
        "Texture": "Resources/ItemTextures/Kyber_Crystal_Colorless.png",
        "Weight": 1
      }
    ],
    "Group": "Stone",
    "Flags": {},
    "RandomRotation": "YawStep90",
    "BlockParticleSetId": "Stone",
    "BlockSoundSetId": "Ore"
  },
  "PlayerAnimationsId": "Block",
  "Tags": {
    "Type": [
      "Ore"
    ],
    "Family": [
      "Adamantite"
    ]
  },
  "IconProperties": {
    "Scale": 0.58823,
    "Rotation": [
      22.5,
      45,
      22.5
    ],
    "Translation": [
      0,
      -13.5
    ]
  },
  "MaxStack": 25,
  "ItemSoundSetId": "ISS_Blocks_Stone"
}
