{
  "Categories": [
    "Items.Weapons"
  ],
  "Quality": "Template",
  "Model": "Resources/WeaponModels/Lightsaber.blockymodel",
  "ItemLevel": 40,
  "PlayerAnimationsId": "Longsword",
  "Interactions": {
    "Primary": "OrbisGalactic_Lightsaber_Attack",
    "Secondary": "Longsword_Block",
    "SwapTo": "OrbisGalactic_Lightsaber_Equip",
    "Ability1": "Root_Weapon_Sword_Signature_Vortexstrike"
  },
  "InteractionVars": {
    "Longsword_Block_Damage": "Longsword_Block_Damage",
    "Longsword_Swing_Left_Effect": {
      "Interactions": [
        {
          "Parent": "Lightsaber_Swing_Left_Effect",
          "Effects": {
            "WorldSoundEventId": "SFX_Longsword_Special_Swing"
          }
        }
      ]
    },
    "Longsword_Swing_Left_Damage": {
      "Interactions": [
        {
          "Parent": "Longsword_Swing_Left_Damage",
          "DamageCalculator": {
            "Type": "Absolute",
            "BaseDamage": {
              "Physical": 48
            },
            "RandomPercentageModifier": 0.15
          },
          "DamageEffects": {
            "WorldSoundEventId": "SFX_Longsword_Special_Impact"
          },
          "EntityStatsOnHit": [
            {
              "EntityStatId": "SignatureEnergy",
              "Amount": 3
            }
          ]
        }
      ]
    },
    "Longsword_Swing_Right_Effect": {
      "Interactions": [
        {
          "Parent": "Lightsaber_Swing_Right_Effect",
          "Effects": {
            "WorldSoundEventId": "SFX_Longsword_Special_Swing"
          }
        }
      ]
    },
    "Longsword_Swing_Right_Damage": {
      "Interactions": [
        {
          "Parent": "Longsword_Swing_Right_Damage",
          "DamageCalculator": {
            "Type": "Absolute",
            "BaseDamage": {
              "Physical": 48
            },
            "RandomPercentageModifier": 0.15
          },
          "DamageEffects": {
            "WorldSoundEventId": "SFX_Longsword_Special_Impact"
          },
          "EntityStatsOnHit": [
            {
              "EntityStatId": "SignatureEnergy",
              "Amount": 3
            }
          ]
        }
      ]
    },
    "Longsword_Swing_Up_Left_Effect": {
      "Interactions": [
        {
          "Parent": "Lightsaber_Swing_Up_Left_Effect",
          "Effects": {
            "WorldSoundEventId": "SFX_Longsword_Special_Swing"
          }
        }
      ]
    },
    "Longsword_Swing_Up_Left_Damage": {
      "Interactions": [
        {
          "Parent": "Longsword_Swing_Up_Left_Damage",
          "DamageCalculator": {
            "Type": "Absolute",
            "BaseDamage": {
              "Physical": 48
            },
            "RandomPercentageModifier": 0.15
          },
          "DamageEffects": {
            "WorldSoundEventId": "SFX_Longsword_Special_Impact"
          },
          "EntityStatsOnHit": [
            {
              "EntityStatId": "SignatureEnergy",
              "Amount": 3
            }
          ]
        }
      ]
    },
    "Longsword_Stab_Charged_Effect": "Longsword_Stab_Charged_Effect",
    "Longsword_Stab_Charged_Damage": {
      "Interactions": [
        {
          "Parent": "Longsword_Stab_Charged_Damage",
          "DamageCalculator": {
            "BaseDamage": {
              "Physical": 144
            },
            "Type": "Absolute",
            "RandomPercentageModifier": 0.15
          },
          "DamageEffects": {
            "WorldSoundEventId": "SFX_Longsword_Special_Impact"
          },
          "EntityStatsOnHit": [
            {
              "EntityStatId": "SignatureEnergy",
              "Amount": 3
            }
          ]
        }
      ]
    },
    "Thrust_Damage": {
      "Interactions": [
        {
          "Parent": "Weapon_Sword_Primary_Thrust_Damage",
          "DamageCalculator": {
            "BaseDamage": {
              "Physical": 32
            }
          },
          "EntityStatsOnHit": [
            {
              "EntityStatId": "SignatureEnergy",
              "Amount": 3
            }
          ],
          "DamageEffects": {
            "WorldSoundEventId": "SFX_Sword_T2_Impact",
            "LocalSoundEventId": "SFX_Sword_T2_Impact"
          }
        }
      ]
    },
    "Vortexstrike_Stab_Damage": {
      "Interactions": [
        {
          "Parent": "Weapon_Sword_Signature_Vortexstrike_Stab_Damage",
          "DamageCalculator": {
            "BaseDamage": {
              "Physical": 70
            }
          },
          "EntityStatsOnHit": [],
          "DamageEffects": {
            "WorldSoundEventId": "SFX_Sword_T2_Impact",
            "LocalSoundEventId": "SFX_Sword_T2_Impact"
          }
        }
      ]
    },
    "Vortexstrike_Spin_Damage": {
      "Interactions": [
        {
          "Parent": "Weapon_Sword_Signature_Vortexstrike_Spin_Damage",
          "DamageCalculator": {
            "BaseDamage": {
              "Physical": 23
            }
          },
          "EntityStatsOnHit": [],
          "DamageEffects": {
            "WorldSoundEventId": "SFX_Sword_T2_Impact",
            "LocalSoundEventId": "SFX_Sword_T2_Impact"
          }
        }
      ]
    }
  },
  "IconProperties": {
    "Scale": 0.33,
    "Rotation": [
      45,
      90,
      0
    ],
    "Translation": [
      -43,
      -43
    ]
  },
  "DroppedItemAnimation": "Items/Animations/Dropped/Dropped_Diagonal_Left.blockyanim",
  "MaxDurability": 150,
  "DurabilityLossOnHit": 0.52,
  "Tags": {
    "Type": [
      "Weapon"
    ],
    "Family": [
      "Longsword"
    ]
  },
  "Weapon": {
    "StatModifiers": {
      "SignatureEnergy": [
        {
          "Amount": 20,
          "CalculationType": "Additive"
        }
      ]
    },
    "EntityStatsToClear": [
      "SignatureEnergy"
    ]
  },
  "InteractionConfig": {
    "DisplayOutlines": false,
    "DebugOutlines": false
  },
  "UsePlayerAnimations": false,
  "ItemSoundSetId": "ISS_Items_Gadget",
  "Variant": false,
  "ItemAppearanceConditions": {
    "SignatureEnergy": [
      {
        "Condition": [
          100,
          100
        ],
        "ConditionValueType": "Percent",
        "Particles": [
          {
            "SystemId": "Sword_Signature_Ready",
            "TargetNodeName": "Handle",
            "PositionOffset": {
              "X": 0.8
            },
            "TargetEntityPart": "PrimaryItem"
          },
          {
            "SystemId": "Sword_Signature_Status_Spawn",
            "TargetNodeName": "Handle",
            "PositionOffset": {
              "X": 0.5
            },
            "TargetEntityPart": "PrimaryItem"
          },
          {
            "SystemId": "Sword_Signature_Status",
            "TargetNodeName": "Handle",
            "PositionOffset": {
              "X": 0.55
            },
            "TargetEntityPart": "PrimaryItem",
            "Scale": 1.3
          }
        ],
        "FirstPersonParticles": [
          {
            "SystemId": "Sword_Signature_Ready",
            "TargetNodeName": "Handle",
            "PositionOffset": {
              "X": 0.8
            },
            "TargetEntityPart": "PrimaryItem"
          },
          {
            "SystemId": "Sword_Signature_Status_Spawn",
            "TargetNodeName": "Handle",
            "TargetEntityPart": "PrimaryItem",
            "PositionOffset": {
              "Y": -100
            }
          },
          {
            "SystemId": "Sword_Signature_Status",
            "TargetNodeName": "Handle",
            "PositionOffset": {
              "X": 0.5
            },
            "TargetEntityPart": "PrimaryItem"
          }
        ],
        "ModelVFXId": "Sword_Signature_Status"
      }
    ]
  },
  "Utility": {
    "Compatible": false
  }
}
