{
  "formatVersion": 1,
  "duration": 10,
  "holdLastKeyframe": false,
  "nodeAnimations": {
    "Blade": {
      "position": [
        {
          "time": 0,
          "delta": {"x": 0, "y": -52, "z": 0},
          "interpolationType": "linear"
        },
        {
          "time": 10,
          "delta": {"x": 0, "y": 0, "z": 0},
          "interpolationType": "linear"
        }
      ],
      "orientation": [],
      "shapeStretch": [
        {
          "time": 0,
          "delta": {"x": 1, "y": 0, "z": 1},
          "interpolationType": "linear"
        },
        {
          "time": 10,
          "delta": {"x": 1, "y": 1, "z": 1},
          "interpolationType": "linear"
        }
      ],
      "shapeVisible": [],
      "shapeUvOffset": []
    }
  }
}