{
  "Parent": "OrbisGalactic_Lightsaber_Template",
  "TranslationProperties": {
    "Name": "server.items.HyGalaxy_Lightsaber_Red.name",
    "Description": "server.items.HyGalaxy_Lightsaber_Red.description"
  },
  "Quality": "Legendary",
  "Texture": "Resources/WeaponTextures/Lightsaber_Red.png",
  "Recipe": {
    "TimeSeconds": 4.5,
    "KnowledgeRequired": false,
    "BenchRequirement": [
      {
        "Type": "Crafting",
        "Categories": [
          "Weapon_Sword"
        ],
        "Id": "Weapon_Bench",
        "RequiredTierLevel": 3
      }
    ],
    "Input": [
      {
        "ItemId": "OrbisGalactic_Kyber_Crystal_Red",
        "Quantity": 1
      },
      {
        "ItemId": "Ingredient_Fire_Essence",
        "Quantity": 5
      },
      {
        "ItemId": "OrbisGalactic_Lightsaber_Hilt",
        "Quantity": 1
      }
    ]
  },
  "Icon": "Icons/ItemsGenerated/OrbisGalactic_Lightsaber_Red.png",
  "Light": {
    "Color": "#700"
  },
  "Trails": [
    {
      "TargetEntityPart": "PrimaryItem",
      "TargetNodeName": "Blade",
      "PositionOffset": {
        "Y": 0,
        "Z": 0.0
      },
      "RotationOffset": {
        "Roll": 0
      },
      "TrailId": "Lightsaber_Trail_Red"
    }
  ]
}
