{
  "Parent": "OrbisGalactic_Lightsaber_Template",
  "TranslationProperties": {
    "Name": "server.items.HyGalaxy_Lightsaber_Blue.name",
    "Description": "server.items.HyGalaxy_Lightsaber_Blue.description"
  },
  "Quality": "Legendary",
  "Texture": "Resources/WeaponTextures/Lightsaber_Blue.png",
  "Recipe": {
    "TimeSeconds": 4.5,
    "KnowledgeRequired": false,
    "BenchRequirement": [
      {
        "Type": "Crafting",
        "Categories": [
          "Weapon_Sword"
        ],
        "Id": "Weapon_Bench",
        "RequiredTierLevel": 3
      }
    ],
    "Input": [
      {
        "ItemId": "OrbisGalactic_Kyber_Crystal_Blue",
        "Quantity": 1
      },
      {
        "ItemId": "Ingredient_Fire_Essence",
        "Quantity": 5
      },
      {
        "ItemId": "OrbisGalactic_Lightsaber_Hilt",
        "Quantity": 1
      }
    ]
  },
  "Icon": "Icons/ItemsGenerated/OrbisGalactic_Lightsaber_Blue.png",
  "Light": {
    "Color": "#166"
  },
  "Trails": [
    {
      "TargetEntityPart": "PrimaryItem",
      "TargetNodeName": "Blade",
      "TrailId": "Lightsaber_Trail_Blue",
      "PositionOffset": {
        "Y": 0,
        "Z": 0.0
      },
      "RotationOffset": {
        "Roll": 0
      }
    }
  ]
}
